"","State","Region.Name","ASGC.2008.Code","X2006","X2007","X2008","X2009"
"403","Qld","Bowen Hills",305011067,1.13431449689023,1.22866157507821,1.37180009562877,1.34200036556071
"404","Qld","City - Inner",305011143,1.14656400891486,1.14461442010962,1.17307234027253,1.24588645715731
"405","Qld","City - Remainder",305011146,1.14695134526347,1.14592145723215,1.17263658688035,1.24583977726008
"406","Qld","Dutton Park",305011187,0.90343782459976,0.942700524626896,0.954372554441339,0.966553952113122
"407","Qld","Fortitude Valley",305011227,1.14561987656514,1.24112510763951,1.39942201898867,1.37311251706672
"408","Qld","Herston",305011274,1.15973344476744,1.24847719145376,1.39709800089704,1.38240181661615
"409","Qld","Highgate Hill",305011277,1.06890307101953,1.14470777990409,1.1639941446021,1.12664265967479
"410","Qld","Kangaroo Point",305011304,1.24673887207288,1.31728335997567,1.28600509441272,1.2660521727621
"411","Qld","Kelvin Grove",305011315,1.09458831263641,1.12736619808191,1.18541868638432,1.29644078586099
"412","Qld","Milton",305011378,1.27109264499143,1.36788436857659,1.39453189758753,1.42730787775461
"413","Qld","New Farm",305011421,1.38891552053276,1.45515243645428,1.54544782241282,1.50685042264018
"414","Qld","Newstead",305011427,1.29464753669098,1.36548035386907,1.481876244198,1.43274608578229
"415","Qld","Paddington",305011454,1.271141062035,1.36774432888489,1.39421718680429,1.42630425996409
"416","Qld","Red Hill",305011481,1.10473168326551,1.14188364612147,1.19609464449275,1.30309267121674
"417","Qld","South Brisbane",305011525,1.07606879346872,1.15278340212545,1.17408909818762,1.13406476333489
"418","Qld","Spring Hill",305011528,1.15738521815402,1.15738137200293,1.17389543001332,1.21096989402679
"419","Qld","West End",305011607,1.07643192129554,1.15325020109779,1.1739196385351,1.13425148292382
"420","Qld","Woolloongabba",305011631,0.903413616077972,0.943003943958912,0.954953558964247,0.966320552626955
"421","Qld","Albion",305031004,1.23553032648511,1.29620738637483,1.31955810561065,1.25921356781742
"422","Qld","Alderley",305031007,1.10611156900741,1.18555268998324,1.29651159286864,1.30283593178196
"423","Qld","Ascot",305031026,1.88184944117641,1.99292819253074,2.09076898420532,1.9813749179655
"424","Qld","Ashgrove",305031031,1.22952661308173,1.2793559434736,1.38610733200537,1.40865925880989
"425","Qld","Bardon",305031048,1.36964553718965,1.45039108693648,1.53961356866196,1.57320589655735
"426","Qld","Chelmer",305031132,1.29324344242728,1.35264338212991,1.39349093115066,1.3971760040905
"427","Qld","Clayfield",305031151,1.4250104265184,1.48726820575081,1.52758193333341,1.53754245507109
"428","Qld","Corinda",305031162,1.11393092154488,1.15068280674995,1.24383384945834,1.23564021971459
"429","Qld","Enoggera",305031206,1.10589369231132,1.18564604977771,1.29634213321612,1.30306933126813
"430","Qld","Graceville",305031241,1.11407617267561,1.15063612685272,1.24354334719688,1.23547684007428
"431","Qld","Grange",305031244,1.10589369231132,1.18599614900696,1.29622109060719,1.30285927173058
"432","Qld","Hamilton",305031255,1.88238202865574,1.99320827191414,2.09110790351035,1.98060469966115
"433","Qld","Hendra",305031271,1.42440521347371,1.48785170446622,1.52777560150771,1.53714567594461
"434","Qld","Indooroopilly",305031293,1.29326765094907,1.35266672207853,1.39295834367133,1.3971760040905
"435","Qld","Kedron",305031312,1.00482311384716,1.04824377227143,1.12557522052482,1.16428999679347
"436","Qld","Lutwyche",305031345,1.10497376848339,1.16809440841798,1.24574632267957,1.31060813467131
"437","Qld","Newmarket",305031424,1.10572423265881,1.18590278921249,1.29631792469434,1.30278925188473
"438","Qld","Nundah",305031446,0.970519638473817,1.01339722898676,1.09930897438503,1.12246480887241
"439","Qld","St Lucia",305031506,1.22611321150965,1.23739071586084,1.35625822464099,1.2731941970388
"440","Qld","Sherwood",305031522,1.11402775563203,1.15040272736655,1.24376122389297,1.23580359935491
"441","Qld","Stafford",305031533,0.946988955296053,0.97397605577322,1.04939100245854,1.05048440733863
"442","Qld","Stafford Heights",305031536,0.946795287121751,0.973999395721837,1.04912470871888,1.05053108723586
"443","Qld","Taringa",305031558,1.29314660834013,1.35255002233544,1.39305517775848,1.39729270383358
"444","Qld","Toowong",305031574,1.11255103580297,1.23024869158415,1.27721740100374,1.27620505041035
"445","Qld","Wilston",305031618,1.10570002413702,1.18587944926388,1.29617267356361,1.30344277044599
"446","Qld","Windsor",305031623,1.10492535143981,1.16849118754446,1.24664203798572,1.31088821405471
"447","Qld","Wooloowin",305031634,1.10468326622193,1.16846784759585,1.2458915738103,1.31074817436301
"448","Qld","Anstead",305071018,1.10783037405435,1.11452922634275,1.21437207844256,1.22805473641418
"449","Qld","Aspley",305071034,0.905907093822118,0.937168956804747,0.995890169307456,0.98438567285625
"450","Qld","Bald Hills",305071037,0.862355963125825,0.887408186354028,0.974368793438081,0.990944198417532
"451","Qld","Banyo",305071045,0.892229279011998,0.920644273184152,1.00007824357675,1.03106557008957
"452","Qld","Bellbowrie",305071053,1.10790299961971,1.11471594593168,1.21415420174647,1.22803139646556
"453","Qld","Boondall",305071064,0.906003927909269,0.937285656547831,0.995890169307456,0.984362332907634
"454","Qld","Bracken Ridge",305071072,0.878478838636515,0.921017712362019,0.979815710840341,0.993184833484731
"455","Qld","Bridgeman Downs",305071075,1.08967398271348,1.16788434888043,1.23519140718008,1.17617003063935
"456","Qld","Brighton",305071078,0.878551464201878,0.920994372413402,0.979694668231402,0.993278193279198
"457","Qld","Brookfield (incl. Brisbane Forest Park)",305071084,1.41208307588371,1.53294448519361,1.59270285694265,1.6150310844784
"458","Qld","Carseldine",305071121,0.905979719387482,0.937145616856131,0.995696501133153,0.984362332907634
"459","Qld","Chapel Hill",305071127,1.41479443032394,1.53623541794856,1.59577733920971,1.61776185846655
"460","Qld","Chermside",305071135,0.890534682486851,0.927412858282983,0.982551273802365,0.996382406445214
"461","Qld","Chermside West",305071138,0.890849393270092,0.927202798745433,0.982309188584487,0.996569126034147
"462","Qld","Darra-Sumner",305071167,0.774938990949997,0.794095071784622,0.871869912188439,0.855572496440904
"463","Qld","Deagon",305071173,0.878720923854393,0.921134412105102,0.979985170492856,0.993418232970898
"464","Qld","Doolandella-Forest Lake",305071176,0.874411806976161,0.900408537733508,0.977782195010164,0.978130566626985
"465","Qld","Durack",305071184,0.71952568457767,0.737752435824005,0.807547869798194,0.784479012954558
"466","Qld","Ellen Grove",305071203,0.893705998841055,0.920364193800752,0.997754225485118,1.00088701652823
"467","Qld","Everton Park",305071211,0.946795287121751,0.97411609546492,1.04917312576245,1.05039104754416
"468","Qld","Ferny Grove",305071217,0.960497310453659,0.983358715117117,1.06275410648542,1.0857510696984
"469","Qld","Fig Tree Pocket",305071222,1.41477022180215,1.53562857928453,1.59565629660077,1.6178318783124
"470","Qld","Geebung",305071236,0.906270221648935,0.937215636701981,0.995817543742092,0.984152273370084
"471","Qld","Inala",305071288,0.719501476055882,0.737845795618471,0.807644703885345,0.784455673005941
"472","Qld","Jamboree Heights",305071296,1.04283049305404,1.08388387380907,1.14852489917968,1.12160123077359
"473","Qld","Jindalee",305071301,1.0429273271412,1.08407059339801,1.14854910770147,1.12176461041391
"474","Qld","Karana Downs-Lake Manchester",305071306,0.897167817456714,0.916863201508253,0.998093144790147,0.998389642026246
"475","Qld","Kenmore",305071318,1.41486705588931,1.53597867851378,1.5959952159058,1.61785521826102
"476","Qld","Kenmore Hills",305071323,1.41549647745579,1.53637545764026,1.59568050512255,1.61757513887762
"477","Qld","Keperra",305071326,0.881069150467812,0.916513102279003,0.990733754166649,0.996078987113197
"478","Qld","McDowall",305071353,0.946843704165326,0.97411609546492,1.04936679393676,1.05039104754416
"479","Qld","Middle Park",305071375,1.0425157822708,1.08402391350077,1.14881540144113,1.12155455087636
"480","Qld","Mitchelton",305071383,0.946940538252478,0.974069415567687,1.04910050019709,1.05053108723586
"481","Qld","Moggill",305071386,1.10778195701077,1.11434250675381,1.21398474209395,1.22803139646556
"482","Qld","Mount Ommaney",305071408,1.04278207601047,1.08386053386045,1.14864594178862,1.12150787097913
"483","Qld","Northgate",305071435,0.97860528475095,1.01713162076542,1.10904080014374,1.1181002384811
"484","Qld","Nudgee",305071442,0.89220507049021,0.920504233492452,1.00056241401251,1.03132230952435
"485","Qld","Oxley",305071451,1.11390671302309,1.1503327075207,1.24364018128403,1.23545350012566
"486","Qld","Pinjarra Hills",305071465,1.41731211658988,1.53835935327267,1.59592259034043,1.62004917343098
"487","Qld","Pinkenba-Eagle Farm",305071467,1.0797000717369,1.08262351658377,1.32047802943858,1.04527959879712
"488","Qld","Pullenvale",305071473,1.41477022180215,1.53595533856516,1.5953900028611,1.61778519841517
"489","Qld","Richlands",305071484,0.719404641968731,0.736958877571038,0.807208950493164,0.786042789511874
"490","Qld","Riverhills",305071487,1.04253999079259,1.08425731298694,1.1488880270065,1.12197466995146
"491","Qld","Sandgate",305071514,0.878357796027576,0.920994372413402,0.979912544927492,0.993114813638881
"492","Qld","Seventeen Mile Rocks",305071517,1.08216934095926,1.17278573808993,1.2570274938327,1.25400875927591
"493","Qld","Taigum-Fitzgibbon",305071556,0.848097143792797,0.873357537286799,0.961126732020142,0.971665400860171
"494","Qld","The Gap",305071567,1.13692901724331,1.18765328535874,1.24262342336895,1.262831259853
"495","Qld","Upper Kedron",305071585,0.960715187149749,0.983265355322651,1.06275410648542,1.08568104985255
"496","Qld","Virginia",305071593,0.892084027881271,0.920084114417352,1.00012666062032,1.03134564947297
"497","Qld","Wacol",305071596,0.901259057638856,0.927832977358083,1.00433894341141,0.995798907729797
"498","Qld","Wavell Heights",305071604,0.970471221430242,1.01330386919229,1.09904268064537,1.12253482871826
"499","Qld","Westlake",305071612,1.04280628453226,1.08397723360354,1.14871856735398,1.12169459056806
"500","Qld","Zillmere",305071653,0.905979719387482,0.937168956804747,0.995793335220304,0.98424563316455
"501","Qld","Annerley",305091015,0.953864175483795,0.968794587180322,1.06413399222733,1.05018098800661
"502","Qld","Balmoral",305091042,1.30718755097707,1.39568224737903,1.53324672743176,1.60074703592501
"503","Qld","Bulimba",305091086,1.30684863167204,1.39523878835532,1.53331935299712,1.60161061402382
"504","Qld","Camp Hill",305091097,1.05336120003175,1.1103980554376,1.17554160949489,1.17472295382511
"505","Qld","Cannon Hill",305091102,1.03643944330206,1.08498085139405,1.2053422998157,1.20709546255642
"506","Qld","Carindale",305091108,1.05340961707532,1.1103980554376,1.17559002653846,1.17479297367096
"507","Qld","Carina",305091113,1.05331278298817,1.11035137554036,1.17566265210383,1.17476963372235
"508","Qld","Carina Heights",305091116,1.05311911481387,1.1101179760542,1.17578369471277,1.17472295382511
"509","Qld","Coorparoo",305091157,1.14031821029361,1.16830446795553,1.22843722960128,1.23440320243791
"510","Qld","East Brisbane",305091195,1.23722492301026,1.29501704899538,1.28726393754569,1.25902684822849
"511","Qld","Fairfield",305091214,0.95403363513631,0.968257768362138,1.06423082631448,1.04999426841768
"512","Qld","Greenslopes",305091247,0.976838062660439,1.00884593900651,1.10937971944877,1.09613734683282
"513","Qld","Hawthorne",305091258,1.30684863167204,1.3953554880984,1.5333677700407,1.60121383489734
"514","Qld","Holland Park",305091282,1.05515263064405,1.11714330058781,1.19052668448155,1.18177161830734
"515","Qld","Holland Park West",305091285,1.05512842212226,1.11700326089611,1.19057510152513,1.18188831805043
"516","Qld","Moorooka",305091391,0.999763532793507,1.01629138261522,1.0729458941581,1.09013898003834
"517","Qld","Morningside",305091397,1.07362373276815,1.12652595993171,1.23809642979462,1.23837099370274
"518","Qld","Norman Park",305091432,1.073526898681,1.12668933957203,1.23802380422926,1.23844101354859
"519","Qld","Tarragindi",305091563,1.05529788177477,1.11688656115303,1.19040564187261,1.18188831805043
"520","Qld","Yeerongpilly",305091645,0.975288717266018,1.00128379565471,1.0524654847256,1.06185096231494
"521","Qld","Yeronga",305091648,1.27184310916685,1.27578493133525,1.41857095972284,1.41129667300358
"522","Qld","Acacia Ridge",305111001,0.774527446079604,0.798459642175937,0.8876538683941,0.87956596361883
"523","Qld","Algester",305111012,0.912104475399801,0.963122979666473,0.997657391397967,0.991014218263382
"524","Qld","Archerfield",305111023,0.798009712213792,0.80151717544472,0.870925779838714,0.838651033693826
"525","Qld","Belmont-Mackenzie",305111057,1.07594775085979,1.18734986602673,1.28172018605628,1.2736143161139
"526","Qld","Burbank",305111091,1.16493827695182,1.31490268521677,1.36572375666002,1.37535315213392
"527","Qld","Calamvale",305111094,0.902178981466793,0.921554531180202,0.969212378297275,0.952409943251426
"528","Qld","Chandler-Capalaba West",305111123,1.4387366583721,1.43631709792064,1.45328597996658,1.70404964850234
"529","Qld","Coopers Plains",305111154,0.798905427519941,0.803664450717452,0.870538443490109,0.840844988863792
"530","Qld","Eight Mile Plains",305111198,0.839890454906725,0.854218779421138,0.911184551571864,0.897444364259192
"531","Qld","Gumdale-Ransome",305111251,1.09056969801963,1.12316500733091,1.24756196181366,1.29065247860406
"532","Qld","Hemmant-Lytton",305111265,0.874895977411917,0.90528658699439,0.992743061475039,0.976823529504453
"533","Qld","Kuraby",305111331,0.896925732238836,0.921507851282968,0.980033587536432,0.994888649733747
"534","Qld","Lota",305111337,1.01675791508856,1.04859387150068,1.12579309722091,1.11065479487238
"535","Qld","MacGregor",305111356,0.842408141172659,0.841965306397391,0.87363713427895,0.866122153215634
"536","Qld","Manly",305111364,1.01661266395783,1.04866389134653,1.12538155235052,1.11028135569451
"537","Qld","Manly West",305111367,1.01670949804498,1.04850051170622,1.1254299693941,1.11018799590005
"538","Qld","Mansfield",305111372,0.926387503254616,0.957241312615075,1.02566665110648,1.01377066816463
"539","Qld","Moreton Island",305111394,0.861000285905707,0.846143157199773,0.910409878874653,0.89221621576906
"540","Qld","Mount Gravatt",305111402,0.897240443022078,0.921367811591268,0.990273792252681,0.975609852176386
"541","Qld","Mount Gravatt East",305111405,0.89721623450029,0.921484511334352,0.990249583730893,0.975866591611169
"542","Qld","Murarrie",305111413,0.927355844126129,0.966343892575572,1.10841137857726,1.11583626346528
"543","Qld","Nathan",305111416,0.762181099967814,0.790454039800423,0.848992859098947,0.852258223737338
"544","Qld","Pallara-Heathwood-Larapinta",305111456,0.847709807444192,0.872797378519999,0.954275720354188,0.95217654376526
"545","Qld","Parkinson-Drewvale",305111463,0.910603547048956,0.957217972666458,0.993541942694037,0.984829131879967
"546","Qld","Robertson",305111492,0.84228709856372,0.841988646346008,0.873612925757162,0.866448912496268
"547","Qld","Rochedale",305111495,0.88920321378852,0.926362560595234,1.01525698673771,1.00315099154404
"548","Qld","Rocklea",305111498,0.857635301377199,0.9286965554569,0.954638848181005,0.928089716792867
"549","Qld","Runcorn",305111503,0.839914663428513,0.854195439472521,0.911232968615439,0.897444364259192
"550","Qld","Salisbury",305111511,0.845724708657591,0.848687211598989,0.908715282349505,0.920200814160435
"551","Qld","Stretton-Karawatha",305111541,0.901525351378522,0.920270834006285,0.968195620382186,0.95147634530676
"552","Qld","Sunnybank",305111547,0.842432349694447,0.841918626500158,0.873612925757162,0.866378892650418
"553","Qld","Sunnybank Hills",305111552,0.842529183781598,0.842035326243241,0.873516091670011,0.866355552701801
"554","Qld","Tingalpa",305111571,0.901355891726007,0.938919452950997,1.03491430642943,1.04350576270225
"555","Qld","Upper Mount Gravatt",305111588,0.897264651543865,0.921624551026052,0.990201166687317,0.975773231816703
"556","Qld","Wakerley",305111601,1.09056969801963,1.12316500733091,1.24756196181366,1.29067581855268
"557","Qld","Willawong",305111615,0.775665246603631,0.802100674160136,0.889130588223157,0.878959124954797
"558","Qld","Wishart",305111626,0.897313068587441,0.921507851282968,0.990298000774469,0.975866591611169
"559","Qld","Wynnum",305111637,0.906197596083572,0.947461874144694,1.01714525143716,1.02035253367452
"560","Qld","Wynnum West",305111642,0.90622180460536,0.947578573887778,1.01704841735001,1.02039921357176
"561","Qld","Bribie Island",305205019,0.781087955484104,0.772972418286544,0.815827184249629,0.799579959709537
"562","Qld","Burpengary-Narangba",305205021,0.828125113317843,0.85944692791127,0.932100714396542,0.936398738500397
"563","Qld","Caboolture Central",305205023,0.727611330854803,0.748978951108618,0.818126993819473,0.810339676021817
"564","Qld","Caboolture East",305205025,0.756250012129797,0.785272571207524,0.842359724129083,0.841848606654308
"565","Qld","Caboolture Hinterland",305205027,0.732331992603428,0.760858984954498,0.828923994536842,0.815101025539616
"566","Qld","Caboolture Midwest",305205028,0.783678267315401,0.806301864911135,0.875598024543764,0.870323343966633
"567","Qld","Deception Bay",305205039,0.72964484668498,0.754510518930766,0.823549702699945,0.824250285397346
"568","Qld","Morayfield",305205056,0.759372911440427,0.784175593622541,0.854706070240873,0.850507727591089
"569","Qld","Ipswich (C) - Central",305253962,0.812583242330061,0.83372630453571,0.914912663927188,0.90542662668609
"570","Qld","Ipswich (C) - East",305253965,0.805248060228351,0.827797957587079,0.915396834362945,0.923981885836334
"571","Qld","Ipswich (C) - North",305253966,0.893681790319268,0.913152149678204,0.994824994348791,0.994725270093431
"572","Qld","Ipswich (C) - South-West",305253971,0.832434230196076,0.860030426626686,0.936894001710531,0.935231741069564
"573","Qld","Ipswich (C) - West",305253976,0.837493811249731,0.862107682053569,0.937547631798803,0.934064743638731
"574","Qld","Beenleigh",305304595,0.789052559152297,0.830295332089061,0.904188288775183,0.886824687638612
"575","Qld","Bethania-Waterford",305304597,0.759905498919759,0.774279455409077,0.83650126185643,0.83505668160686
"576","Qld","Browns Plains",305304601,0.817667031905504,0.834893301966543,0.924402404468015,0.913618948650537
"577","Qld","Carbrook-Cornubia",305304603,0.928154725345127,0.947601913836394,1.04745432071552,1.02973519301842
"578","Qld","Daisy Hill-Priestdale",305304605,0.869061723661052,0.893149813713727,0.948998262604443,0.954463858729692
"579","Qld","Eagleby",305304606,0.789125184717661,0.830342011986295,0.904115663209819,0.886754667792762
"580","Qld","Edens Landing-Holmview",305304607,0.788979933586934,0.830365351934911,0.90399462060088,0.886778007741378
"581","Qld","Greenbank-Boronia Heights",305304608,0.823622328265308,0.841988646346008,0.924620281164105,0.929583473504333
"582","Qld","Jimboomba-Logan Village",305304611,0.809775053802674,0.832349247567327,0.911499262355105,0.909417757899538
"583","Qld","Kingston",305304612,0.672198024482476,0.687058067428619,0.757484646740976,0.742420425547337
"584","Qld","Loganholme",305304615,0.872693001929225,0.896814185646542,0.978096905793406,0.97250563901037
"585","Qld","Loganlea",305304618,0.740441847402349,0.767720929847796,0.845555249005076,0.834379823096977
"586","Qld","Marsden",305304623,0.718775220402248,0.729583453808174,0.815948226858568,0.814634226567282
"587","Qld","Mt Warren Park",305304626,0.789028350630509,0.830482051677995,0.904139871731607,0.886824687638612
"588","Qld","Park Ridge-Logan Reserve",305304627,0.803166127354598,0.815661184306416,0.891599857445515,0.885260911081295
"589","Qld","Rochedale South",305304631,0.88898533709243,0.9260358013146,1.01477281630196,1.00245079308555
"590","Qld","Shailer Park",305304634,0.89443225449469,0.919500615701936,0.992452559213585,0.993628292508448
"591","Qld","Slacks Creek",305304637,0.869134349226415,0.893149813713727,0.948853011473716,0.954277139140759
"592","Qld","Springwood",305304642,0.869255391835354,0.89291641422756,0.948901428517291,0.954323819037992
"593","Qld","Tanah Merah",305304645,0.894674339712568,0.919010476780986,0.9936145682594,0.995168729117147
"594","Qld","Underwood",305304651,0.881262818642114,0.874967993741348,0.963208664893895,0.954207119294909
"595","Qld","Waterford West",305304654,0.775737872168995,0.787023067353774,0.856255415635294,0.851324625792672
"596","Qld","Wolffdene-Bahrs Scrub",305304655,0.789149393239449,0.830412031832145,0.904309331384122,0.886661307998295
"597","Qld","Woodridge",305304656,0.674207331790866,0.688341764602535,0.760994882400211,0.748278752650118
"598","Qld","Albany Creek",305405013,1.08986765088778,1.16776764913735,1.23521561570187,1.1761000107935
"599","Qld","Bray Park",305405016,0.865841990263271,0.896954225338242,0.970737515169908,0.980581261231735
"600","Qld","Central Pine West",305405033,0.929921947435638,0.960298845883857,1.04159585844287,1.05860670945723
"601","Qld","Dakabin-Kallangur-M. Downs",305405037,0.852212592496727,0.880639601255197,0.950838110260317,0.947111774915444
"602","Qld","Griffin-Mango Hill",305405043,0.916219924103731,0.957404692255391,1.05868707482507,1.06269120046514
"603","Qld","Hills District",305405047,0.93156812691721,0.959575307476741,1.0363668177367,1.04798703283665
"604","Qld","Lawnton",305405051,0.812123280416092,0.830482051677995,0.881480695338205,0.881853278583263
"605","Qld","Petrie",305405058,0.861048702949282,0.881549859251247,0.969866008385546,0.962772880437223
"606","Qld","Strathpine-Brendale",305405067,0.865769364697908,0.897000905235475,0.97093118334421,0.980534581334501
"607","Qld","Moreton Bay (R) Bal",305405068,1.05273177846526,1.09938159969053,1.17675203558428,1.16842116769861
"608","Qld","Clontarf",305455035,0.789996691502022,0.827401178460595,0.885329850302469,0.890582419365894
"609","Qld","Margate-Woody Point",305455053,0.790117734110962,0.827214458871662,0.885571935520347,0.890489059571427
"610","Qld","Redcliffe-Scarborough",305455063,0.857635301377199,0.902812552441024,0.963353916024622,0.955234077034042
"611","Qld","Rothwell-Kippa-Ring",305455065,0.774479029036028,0.805018167737219,0.865769364697908,0.859283548270953
"612","Qld","Alexandra Hills",305506251,0.841318757692207,0.864068237737368,0.941517829372005,0.93980637099843
"613","Qld","Birkdale",305506254,0.937111878406622,0.952713362583443,1.02576348519363,1.06852618761931
"614","Qld","Capalaba",305506257,0.872547750798498,0.893009774022027,0.974054082654839,0.980371201694185
"615","Qld","Cleveland",305506262,1.07686767468772,1.18891364258404,1.18541868638432,1.16762760944565
"616","Qld","Ormiston",305506264,1.04810795080379,1.04794035293942,1.13724372802655,1.12967685299496
"617","Qld","Redland Bay",305506265,0.884821471344924,0.924378664962818,0.999085694183448,0.998809761101346
"618","Qld","Sheldon-Mt Cotton",305506267,0.880560771510268,0.913292189369904,0.990564294514135,0.992718034512398
"619","Qld","Thorneside",305506268,0.873201380886769,0.92610582116045,0.991653677994587,0.994818629887897
"620","Qld","Thornlands",305506271,0.937934968147408,0.978690725393785,1.05706510386528,1.05174476456393
"621","Qld","Victoria Point",305506273,0.884797262823137,0.924378664962818,0.999013068618085,0.99871640130688
"622","Qld","Wellington Point",305506276,1.04813215932558,1.04801037278527,1.13707426837404,1.12977021278943
"623","Qld","Redland (C) Bal",305506283,0.722140204930755,0.754743918416933,0.78401718662043,0.74141680775682
"624","Qld","Biggera Waters-Labrador",307103508,0.839430492992757,0.890605759314511,0.896901523717048,0.882833556425163
"625","Qld","Bilinga-Tugun",307103511,0.820257343736801,0.846213177045623,0.915977838885852,0.91478594608137
"626","Qld","Broadbeach-Mermaid Beach",307103514,0.978096905793406,1.06271454041376,1.0683704835402,1.02324668730299
"627","Qld","Broadbeach Waters",307103515,0.977951654662679,1.06257450072206,1.06820102388768,1.02327002725161
"628","Qld","Bundall",307103517,1.10187507769454,1.14578141754045,1.10170561804203,1.06101072416475
"629","Qld","Burleigh Heads",307103521,0.838486360643032,0.850857826820339,0.895255344235476,0.886754667792762
"630","Qld","Burleigh Waters",307103523,0.845676291614015,0.856342714745254,0.900242299723768,0.893173153662343
"631","Qld","Coolangatta",307103527,0.781063746962316,0.811063214428933,0.865188360175,0.856342714745254
"632","Qld","Currumbin",307103533,0.837711687945821,0.874454514871782,0.943672387811122,0.922511469073485
"633","Qld","Main Beach-South Stradbroke",307103555,1.11286574658622,1.15521075678158,1.11192161423649,1.06647227214104
"634","Qld","Mermaid Wtrs-Clear Is. Wtrs",307103562,0.942728255461397,1.01596462333459,1.02796646067632,0.993628292508448
"635","Qld","Miami",307103563,0.845458414917925,0.856249354950787,0.900000214505889,0.893009774022027
"636","Qld","Palm Beach",307103573,0.816141895032871,0.840868328812408,0.905858676778542,0.867592569978484
"637","Qld","Paradise Point-Runaway Bay",307103576,0.920020662024419,1.01391070785633,1.01290876012429,1.01771511948084
"638","Qld","Southport",307103585,0.809436134497644,0.844509360796607,0.854972363980539,0.833142805820294
"639","Qld","Surfers Paradise",307103587,1.10146353282415,1.14363414226772,1.10218978847779,1.05790651099873
"640","Qld","Ashmore-Benowa",307153502,0.944277600855817,0.969704845176371,0.985819424243721,0.958828429121008
"641","Qld","Carrara-Merrimac",307153525,0.813914711028391,0.842712184753124,0.889784218311428,0.884397332982479
"642","Qld","Coombabah",307153531,0.920190121676934,1.01388736790771,1.01315084534217,1.01776179937807
"643","Qld","Currumbin Valley-Tallebudgera",307153534,0.82371916235246,0.874267795282849,0.927936848649037,0.957708111587408
"644","Qld","Currumbin Waters",307153535,0.837784313511185,0.874337815128699,0.943309259984304,0.922464789176251
"645","Qld","Elanora",307153537,0.816190312076447,0.841125068247191,0.905786051213179,0.868082708899434
"646","Qld","Helensvale",307153543,1.00656612741589,1.0944335305838,1.1367595575908,1.116279722489
"647","Qld","Hope Island",307153547,1.0069292552427,1.09441019063519,1.1369532257651,1.11634974233485
"648","Qld","Jacobs Well-Alberton",307153552,0.835968674377098,0.877348668500248,0.960352059322932,0.944474360721762
"649","Qld","Kingsholme-Upper Coomera",307153556,0.825365341834032,0.881479839405397,0.94824779842902,0.938989472796847
"650","Qld","Molendinar",307153564,0.827883028099965,0.839934730867742,0.896853106673472,0.881643219045713
"651","Qld","Mudgeeraba-Reedy Creek",307153566,0.830061795060869,0.870370023863866,0.940234777717251,0.917820139401536
"652","Qld","Nerang",307153567,0.797283456560157,0.820492553670064,0.878963009072271,0.873497576978499
"653","Qld","Oxenford-Maudsland",307153568,0.843182813869869,0.868992966895484,0.957979624187725,0.934975001634781
"654","Qld","Pacific Pines-Gaven",307153572,0.797259248038369,0.820492553670064,0.879035634637635,0.873520916927116
"655","Qld","Ormeau-Yatala",307153574,0.857562675811836,0.896977565286859,0.982139728931972,0.965900433551856
"656","Qld","Parkwood-Arundel",307153578,0.828004070708904,0.839934730867742,0.897046774847775,0.88159653914848
"657","Qld","Pimpama-Coomera",307153581,0.823767579396035,0.883066955911329,0.946892121208902,0.93896613284823
"658","Qld","Robina",307153582,0.841899762215115,0.881549859251247,0.908085860783022,0.904843127970673
"659","Qld","Varsity Lakes",307153592,0.742523780276102,0.780161122460476,0.844853201873229,0.83435648314836
"660","Qld","Worongary-Tallai",307153593,0.833668864807255,0.868479488025917,0.942001999807762,0.90542662668609
"661","Qld","Guanaba-Springbrook",307203538,0.814665175203814,0.841335127784741,0.909005784610959,0.892192875820443
"662","Qld","Buderim",309056713,0.863953725563821,0.91527608500232,0.94747312573181,0.958991808761324
"663","Qld","Caloundra North",309056718,0.807184741971377,0.82198631038153,0.864534730086729,0.845629678330207
"664","Qld","Caloundra South",309056721,0.80725736753674,0.82198631038153,0.864534730086729,0.845582998432974
"665","Qld","Coolum-Mudjimba",309056723,0.786680124017091,0.819675655468481,0.880149226639875,0.854195439472521
"666","Qld","Kawana",309056728,0.852648345888908,0.90556666637779,0.966525232378826,0.968911286923405
"667","Qld","Maroochydore",309056738,0.779030231132139,0.801633875187803,0.842311307085507,0.843529082954708
"668","Qld","Mooloolaba",309056744,0.881916448730386,0.931544029188132,0.934836277358566,0.90549664653194
"669","Qld","Nambour",309056748,0.749834753856024,0.774956313918961,0.825849512269788,0.820749293104847
"670","Qld","Noosa-Noosaville",309056755,0.880270269248814,0.954837297907559,0.905374506342786,0.899848378966708
"671","Qld","Paynter-Petrie Creek",309056761,0.773438062599152,0.807842301519834,0.852043132844212,0.850017588670139
"672","Qld","Sunshine-Peregian",309056763,0.883151083341565,0.954533878575542,0.912709688444496,0.924892143832384
"673","Qld","Tewantin",309056772,0.727950250159833,0.768584507946612,0.777335634606991,0.755374097029583
"674","Qld","Caloundra Hinterland",309106716,0.756855225174493,0.790617419440739,0.783290930966795,0.771431981677845
"675","Qld","Glass House Country",309106725,0.733009831213487,0.771618701266778,0.846910926225194,0.838370954310426
"676","Qld","Maroochy Hinterland",309106733,0.750052630552115,0.792064496254972,0.830739633670928,0.820025754697731
"677","Qld","Noosa Hinterland",309106753,0.745041466542035,0.803267671590969,0.816868150686506,0.794468510962488
"678","Qld","Somerset (R) - Esk",312056582,0.757968817176733,0.778527326057309,0.865478862436454,0.868129388796667
"679","Qld","Somerset (R) - Kilcoy",312056584,0.730080600077161,0.75224654391495,0.83383832445977,1.04632989648487
"680","Qld","Lockyer Valley (R) - Gatton",312104582,0.731896239211248,0.758921769219315,0.818199619384836,0.813513909033683
"681","Qld","Lockyer Valley (R) - Laidley",312104584,0.701756629585408,0.733948024199489,0.807233159014952,0.820282494132514
"682","Qld","Scenic Rim (R) - Beaudesert",312106512,0.793410093074105,0.806371884756985,0.872571959320286,0.892332915512143
"683","Qld","Scenic Rim (R) - Boonah",312106514,0.732670911908458,0.739199512638237,0.807693120928921,0.800700277243136
"684","Qld","Scenic Rim (R) - Tamborine-Canungra",312106516,0.823815996439611,0.846423236583173,0.88152911238178,0.879052484749264
"685","Qld","Bundaberg (R) - Bundaberg",315051822,0.785614949058426,0.798132882895304,0.827035729837391,0.809452757974384
"686","Qld","Bundaberg (R) - Burnett Pt A",315051824,0.785566532014851,0.798109542946687,0.827035729837391,0.809476097923001
"687","Qld","Fraser Coast (R) - Hervey Bay Pt A",315073222,0.73320349938779,0.747391834602685,0.790190359676325,0.774512854895244
"688","Qld","Bundaberg (R) - Burnett Pt B",315101825,0.774309569383513,0.786509588484207,0.81737652964405,0.805158207428919
"689","Qld","Bundaberg (R) - Isis",315101827,0.754870126387891,0.706803663958314,0.733276124953154,0.735721860294355
"690","Qld","Bundaberg (R) - Kolan",315101828,0.628429017090093,0.645209539558948,0.67938795545346,0.6961373074405
"691","Qld","Cherbourg (S)",315102330,0.619278195854296,0.663881498452276,0.68783672955741,0.691679377254718
"692","Qld","Fraser Coast (R) - Hervey Bay Pt B",315103223,0.652685955921491,0.673450877385106,0.711512663865901,0.709301038460296
"693","Qld","Fraser Coast (R) - Maryborough",315103225,0.7367621520906,0.763076280073081,0.80781416353786,0.796685806081071
"694","Qld","Fraser Coast (R) - Woocoo-Tiaro",315103227,0.720687693623486,0.744170921693586,0.791812330636109,0.783055276088942
"695","Qld","Gympie (R) - Cooloola",315103622,0.693792025917214,0.710117936661879,0.763754653884022,0.750169288488068
"696","Qld","Gympie (R) - Gympie",315103624,0.706695168030124,0.715999603713278,0.78024065722153,0.766110473393246
"697","Qld","Gympie (R) - Kilkivan",315103626,0.642421542683454,0.637834115796083,0.720615068058122,0.703769470638148
"698","Qld","North Burnett (R) - Biggenden",315105761,0.607125517916809,0.61388732851539,0.631551916400722,0.648150373084647
"699","Qld","North Burnett (R) - Eidsvold",315105762,0.65859283523772,0.67146698175269,0.701901880716135,0.768281088614596
"700","Qld","North Burnett (R) - Gayndah",315105763,0.717879505096098,0.732921066460356,0.763173649361115,0.72024747436151
"701","Qld","North Burnett (R) - Monto",315105764,0.626468126825279,0.630108592803969,0.715531278482679,0.692659655096618
"702","Qld","North Burnett (R) - Mundubbera",315105765,0.632883385099052,0.62702771958657,0.668324660996425,0.63904779312415
"703","Qld","North Burnett (R) - Perry",315105766,0.628816353438698,0.644065882076732,0.680598381542851,0.696090627543267
"704","Qld","South Burnett (R) - Kingaroy",315106632,0.771985551291882,0.792577975124539,0.844877410395017,0.851721404919155
"705","Qld","South Burnett (R) - Murgon",315106634,0.619205570288932,0.665235215472042,0.687691478426683,0.691889436792268
"706","Qld","South Burnett (R) - Nanango",315106636,0.746372935240366,0.762469441409047,0.819143751734561,0.820025754697731
"707","Qld","South Burnett (R) - Wondai",315106638,0.622594763339227,0.622989908475888,0.676918686231102,0.697981163381216
"708","Qld","Cambooya",320016912,0.798058129257367,0.821892950587064,0.898692954329347,0.904609728484507
"709","Qld","Gowrie",320016921,0.802827208049569,0.830925510701711,0.909393120959565,0.894083411658393
"710","Qld","Highfields",320016926,0.816964984773657,0.840658269274858,0.91188659870371,0.921064392259252
"711","Qld","Toowoomba Central",320016937,0.841004046908965,0.865725374089151,0.920407998373024,0.914552546595204
"712","Qld","Toowoomba North-East",320016941,0.841052463952541,0.865865413780851,0.920335372807661,0.914482526749354
"713","Qld","Toowoomba North-West",320016943,0.841052463952541,0.865912093678084,0.920335372807661,0.914482526749354
"714","Qld","Toowoomba South-East",320016945,0.840907212821814,0.865632014294685,0.920359581329448,0.914482526749354
"715","Qld","Toowoomba West",320016946,0.841100880996116,0.865795393935001,0.920407998373024,0.91443584685212
"716","Qld","Westbrook",320016947,0.834685622722343,0.859470267859886,0.916050464451216,0.909744517180172
"717","Qld","Dalby (R) - Chinchilla",320052662,0.779877529394712,0.778854085337943,0.849234944316825,0.932781046464815
"718","Qld","Dalby (R) - Dalby",320052663,0.823089740785976,0.796569106337988,0.897458319718168,0.944591060464845
"719","Qld","Dalby (R) - Murilla-Wandoan",320052665,0.653460628618702,0.619488916183389,0.703015472718375,0.737262296903055
"720","Qld","Dalby (R) - Tara",320052666,0.624313568386163,0.593044754400713,0.748333825505179,0.741113388424804
"721","Qld","Dalby (R) - Wambo",320052668,0.728507046160952,0.722441429531476,0.847516139269889,0.867499210184017
"722","Qld","Goondiwindi (R) - Goondiwindi",320053612,0.860346655817436,0.873450897081266,0.885233016215317,0.878258926496298
"723","Qld","Goondiwindi (R) - Inglewood",320053614,0.669026708128272,0.678398946491838,0.710955867864781,0.722674829017642
"724","Qld","Goondiwindi (R) - Waggamba",320053616,0.768112187805831,0.757521372302316,0.790287193763476,0.771058542499978
"725","Qld","Southern Downs (R) - Allora",320056662,0.64302675572815,0.655805876230911,0.76656284241141,0.728463136274574
"726","Qld","Southern Downs (R) - Killarney",320056665,0.688587193732833,0.679892703203305,0.727659747898379,0.728066357148091
"727","Qld","Southern Downs (R) - Stanthorpe",320056666,0.652831207052218,0.665305235317892,0.703765936893798,0.694900290163817
"728","Qld","Southern Downs (R) - Warwick",320056667,0.694857200875879,0.709791177381246,0.753829159951015,0.757731431839865
"729","Qld","Southern Downs (R) - West",320056668,0.682220352502635,0.700198458499799,0.73642323278557,0.743190643851686
"730","Qld","Clifton",320056914,0.594367626934626,0.622476429606321,0.679799500323853,0.688318424653919
"731","Qld","Crow's Nest",320056916,0.704540609591008,0.717143261195494,0.782419424182434,0.812300231705616
"732","Qld","Greenmount",320056923,0.692000595304916,0.771291941986145,0.803674506312142,0.840821648915175
"733","Qld","Jondaryan",320056928,0.720857153276,0.753110122013767,0.802439871700963,0.818905437164131
"734","Qld","Millmerran",320056931,0.720276148753093,0.779180844618576,0.832506855761439,0.831975808389461
"735","Qld","Pittsworth",320056933,0.703354392023404,0.720550893693526,0.802270412048449,0.826911039539646
"736","Qld","Rosalie",320056935,0.694978243484818,0.705076507760681,0.76634496571532,0.791831096768806
"737","Qld","Balonne (S)",325050300,0.759542371092941,0.706640284317997,0.711391621256962,0.751756404994001
"738","Qld","Bulloo (S)",325051750,0.820765722694345,0.814237447440799,0.92345827211829,0.945641358152595
"739","Qld","Murweh (S)",325055600,0.749907379421388,0.76650725251973,0.806918448231711,0.823690126630547
"740","Qld","Paroo (S)",325055800,0.687376767643441,0.679822683357455,0.847419305182738,0.79941658006922
"741","Qld","Quilpie (S)",325056150,0.748430659592331,0.750659427409017,0.899516044070133,0.824810444164146
"742","Qld","Roma (R) - Bendemere",325056412,0.593617162759204,0.594515171163562,0.633367555534809,0.694130071859467
"743","Qld","Roma (R) - Booringa",325056414,0.676240847621043,0.652654983167662,0.659101214195264,0.6950169899069
"744","Qld","Roma (R) - Bungil",325056415,0.781717377050587,0.809476097923001,0.892931326143845,0.89214619592321
"745","Qld","Roma (R) - Roma",325056417,0.833378362545801,0.842945584239291,0.923651940292592,0.958875109018241
"746","Qld","Roma (R) - Warroo",325056418,0.710471697429024,0.690349000183568,0.748164365852665,0.783755474547441
"747","Qld","Rockhampton (R) - Fitzroy Pt A",330056362,0.911935015747286,0.93805587485218,0.990419043383408,1.02126279167057
"748","Qld","Rockhampton (R) - Livingstone Pt A",330056365,0.960448893410083,0.985319270800917,1.0834766011358,1.07158372088809
"749","Qld","Rockhampton (R) - Rockhampton",330056368,0.893899667015358,0.925382282753334,0.996350131221424,1.00793568101046
"750","Qld","Gladstone (R) - Calliope Pt A",330103362,1.07287326859273,1.11737670007398,1.17302392322896,1.20450472825997
"751","Qld","Gladstone (R) - Gladstone",330103366,1.07282485154916,1.11735336012536,1.17307234027253,1.20457474810582
"752","Qld","Banana (S)",330150370,0.966016853421282,0.981748258662568,1.06183418265748,1.0969542450344
"753","Qld","Central Highlands (R) - Bauhinia",330152272,0.996011211916395,0.974932993666503,1.08262930287322,1.02768127754015
"754","Qld","Central Highlands (R) - Duaringa",330152274,1.31021361620055,1.29940495933531,1.36891928153602,1.47940264306699
"755","Qld","Central Highlands (R) - Emerald",330152276,1.13583963376286,1.16011214599108,1.25891575853215,1.30381620962386
"756","Qld","Central Highlands (R) - Peak Downs",330152278,1.20887674399672,1.22095939203472,1.32338305205312,1.30899767821676
"757","Qld","Gladstone (R) - Calliope Pt B",330153364,0.974635087177747,1.02312998755991,1.07304272824525,1.13217422749694
"758","Qld","Gladstone (R) - Miriam Vale",330153368,0.691153297042342,0.741393467808203,0.774624280166755,0.801890614622586
"759","Qld","Rockhampton (R) - Fitzroy Pt B",330156363,0.94580273772845,0.929326734069549,0.984342704414664,1.01050307535829
"760","Qld","Rockhampton (R) - Livingstone Pt B",330156366,0.916583051930548,0.96104572423959,1.02021973370422,1.01279039032273
"761","Qld","Rockhampton (R) - Mount Morgan",330156367,0.76489245440805,0.772272219828045,0.85596491337384,0.855689196183987
"762","Qld","Woorabinda (S)",330157550,0.641211116594063,0.651511325685446,0.763996739101901,0.720830973076926
"763","Qld","Barcaldine (R) - Aramac",335050412,0.647263247041019,0.676718470191439,0.759251868831487,0.687501526452336
"764","Qld","Barcaldine (R) - Barcaldine",335050416,0.809605594150159,0.85930688821957,0.936869793188744,0.927249478642667
"765","Qld","Barcaldine (R) - Jericho",335050418,1.21928640836548,0.816781501840015,1.06713584892902,0.818345278397331
"766","Qld","Barcoo (S)",335050450,0.747050773850425,0.841405147630591,0.935054154054657,0.863881518148435
"767","Qld","Blackall Tambo (R) - Blackall",335050762,0.744145751235886,0.867405850389551,0.862307546082249,0.887594905942962
"768","Qld","Blackall Tambo (R) - Tambo",335050765,0.74499304949846,0.749118990800318,0.746518186371093,0.762469441409047
"769","Qld","Boulia (S)",335050900,1.04437983844846,1.09055909911344,1.26559731054559,1.20865923911374
"770","Qld","Diamantina (S)",335052750,0.904454582514849,0.924495364705901,1.09124753662969,1.05102122615681
"771","Qld","Longreach (R) - Ilfracombe",335054712,0.663555582204224,0.67356757712819,0.748721161853784,0.728649855863507
"772","Qld","Longreach (R) - Isisford",335054714,0.680913092326093,0.723491727219225,0.744363627931976,0.737402336594755
"773","Qld","Longreach (R) - Longreach",335054716,0.816093477989295,0.843482403057474,0.934134230226719,0.915182725207854
"774","Qld","Winton (S)",335057400,0.873709759844314,0.907457202215739,0.839648369688847,0.794818610191738
"775","Qld","Mackay (R) - Mackay Pt A",340054772,1.0492699598496,1.09125929757194,1.16050811746465,1.19556552793979
"776","Qld","Isaac (R) - Belyando",340103982,1.27426396134563,1.30346611039461,1.42312216181895,1.52893001403154
"777","Qld","Isaac (R) - Broadsound",340103984,1.3576139018611,1.32073767237094,1.42055605850944,1.50909105770738
"778","Qld","Isaac (R) - Nebo",340103986,1.35536250933484,1.33490502118125,1.3930067607149,1.48066300029229
"779","Qld","Mackay (R) - Mackay Pt B",340104773,0.992089431386767,1.0526783625086,1.1045380150912,1.1458514373863
"780","Qld","Mackay (R) - Mirani",340104775,0.943648179289334,1.02016581408559,1.05004463254682,1.12549900219258
"781","Qld","Mackay (R) - Sarina",340104777,1.0003687458382,1.0325126469038,1.10223820552136,1.14193032601871
"782","Qld","Whitsunday (R) - Bowen",340107342,0.853907189021875,0.904469688792807,0.947594168340749,1.01143667330296
"783","Qld","Whitsunday (R) - Whitsunday",340107345,0.844465865524624,0.871023542425133,0.914718995752886,0.910211316152505
"784","Qld","Aitkenvale",345057001,0.927089550386463,0.958314950251441,1.02883796746068,1.04558301812913
"785","Qld","City",345057003,1.11930521338178,1.20172727437459,1.22826776994877,1.19710596454849
"786","Qld","Cranbrook",345057007,0.9270169248211,0.958338290200058,1.02908005267856,1.04572305782083
"787","Qld","Currajong",345057012,0.92290147611717,0.943820842160495,1.02498881249642,1.02558068216466
"788","Qld","Douglas",345057014,0.892035610837696,0.917633419812603,0.994316615391247,1.00690872327133
"789","Qld","Garbutt",345057015,0.927186384473614,0.958688389429308,1.02898321859141,1.0462365366904
"790","Qld","Gulliver",345057018,0.922949893160745,0.943960881852195,1.02486776988748,1.02588410149667
"791","Qld","Heatley",345057023,0.927041133342887,0.958221590456975,1.0292010952875,1.04572305782083
"792","Qld","Hermit Park",345057026,0.922974101682533,0.943844182109112,1.02513406362715,1.02551066231881
"793","Qld","Hyde Park-Mysterton",345057027,0.922780433508231,0.943517422828479,1.02559402554111,1.02544064247296
"794","Qld","Magnetic Island",345057031,0.809460343019432,0.805041507685835,0.875936943848793,0.829571793681945
"795","Qld","Mt Louisa-Mt St John-Bohle",345057033,0.927404261169705,0.958875109018241,1.03062939807298,1.04677335550858
"796","Qld","Mundingburra",345057034,0.923361438031138,0.943750822314645,1.02530352327966,1.02590744144529
"797","Qld","Murray",345057038,0.92612120951495,0.946574956097261,1.01203725333993,1.04205868588802
"798","Qld","North Ward-Castle Hill",345057041,1.11952309007787,1.20196067386075,1.22773518246943,1.19722266429157
"799","Qld","Oonoonba-Idalia-Cluden",345057044,0.887435991698009,0.925498982496417,0.997826851050481,1.01841531793934
"800","Qld","Pallarenda-Shelley Beach",345057047,1.12015251164435,1.2018906540149,1.22778359951301,1.19621904650106
"801","Qld","Pimlico",345057051,0.922974101682533,0.944007561749429,1.02469831023496,1.02544064247296
"802","Qld","Railway Estate",345057054,1.11966834120859,1.2020306937066,1.22775939099122,1.19729268413742
"803","Qld","Rosslea",345057058,0.922998310204321,0.944567720516228,1.0256182340629,1.02541730252434
"804","Qld","Rowes Bay-Belgian Gardens",345057062,1.11959571564323,1.2016105746315,1.2280014762091,1.19743272382912
"805","Qld","South Townsville",345057065,1.11918417077284,1.20231077309,1.22797726768731,1.19768946326391
"806","Qld","Stuart-Roseneath",345057068,0.887920162133766,0.925032183524084,0.998456272616965,1.01818191845317
"807","Qld","Vincent",345057071,0.927380052647917,0.958221590456975,1.02886217598247,1.04586309751253
"808","Qld","West End",345057074,1.11957150712144,1.2021707333983,1.2278078080348,1.19698926480541
"809","Qld","Wulguru",345057078,0.887169697958343,0.925218903113017,0.99794789365942,1.01839197799072
"810","Qld","Condon-Rasmussen-Bohle Basin",345107005,0.900484384941646,0.931123910113032,1.02365734379809,1.02891829481684
"811","Qld","Kelso",345107028,0.851897881713485,0.867335830543701,0.952532706785465,0.960298845883857
"812","Qld","Kirwan",345107030,0.93924222832395,0.959925406705991,1.03626998364954,1.04868723129515
"813","Qld","Burdekin (S)",345151900,0.865672530610757,0.923445067018151,0.924499238555166,0.914552546595204
"814","Qld","Charters Towers (R) - Charters Towers",345152312,0.873927636540404,0.904983167662373,0.985988883896236,0.950589427259327
"815","Qld","Charters Towers (R) - Dalrymple",345152314,0.861726541559341,0.893569932788826,0.965072721071557,0.939502951666413
"816","Qld","Hinchinbrook (S)",345153800,0.863421138084489,0.856599454180037,0.855916496330264,0.876695149938981
"817","Qld","Palm Island (S)",345155790,0.838365318034092,0.873824336259132,0.926508545863555,0.918893777037903
"818","Qld","Northern Beaches-Pinnacles",345157043,0.920650083590902,0.956564454105192,1.04365358279483,1.04499951941372
"819","Qld","Woodstock-Cleveland-Ross",345157076,0.844683742220714,0.88012612238563,0.935610950055777,0.932617666824499
"820","Qld","Cairns (R) - Barron",350052062,0.870877362795138,0.914622566441054,0.958439586101694,0.946574956097261
"821","Qld","Cairns (R) - Central Suburbs",350052065,0.891575648923727,0.921204431950952,0.97749169274871,0.958991808761324
"822","Qld","Cairns (R) - City",350052066,0.891672483010878,0.921204431950952,0.977540109792286,0.958991808761324
"823","Qld","Cairns (R) - Mt Whitfield",350052068,0.891672483010878,0.921181092002335,0.977612735357649,0.958968468812708
"824","Qld","Cairns (R) - Northern Suburbs",350052072,0.882957415167262,0.953483580887793,0.989087574685077,0.958805089172391
"825","Qld","Cairns (R) - Trinity",350052074,0.841560842910085,0.882880236322396,0.939218019802162,0.924308645116968
"826","Qld","Cairns (R) - Western Suburbs",350052076,0.880948107858873,0.911214933943021,0.970689098126332,0.951149586026127
"827","Qld","Aurukun (S)",350100250,0.675393549358469,0.6948769502152,0.723689550325176,0.743400703389236
"828","Qld","Cairns (R) - Douglas",350102067,0.755911092824768,0.793231493685805,0.809726636759098,0.787723265812274
"829","Qld","Cairns (R) - Pt B",350102078,0.753296572471683,0.78872688360279,0.835702380637432,0.836503758421093
"830","Qld","Cassowary Coast (R) - Cardwell",350102262,0.793797429422711,0.850437707745239,0.84228709856372,0.804831448148285
"831","Qld","Cassowary Coast (R) - Johnstone",350102264,0.764529326581233,0.783872174290525,0.82471171174576,0.808192400749084
"832","Qld","Cook (S)",350102500,0.682801357025543,0.761722563053314,0.751819852642626,0.744614380717303
"833","Qld","Croydon (S)",350102600,0.676434515795346,0.6973976646658,0.720857153276,0.745594658559202
"834","Qld","Etheridge (S)",350103100,0.673916829529412,0.695553808725083,0.722672792410087,0.74337736344062
"835","Qld","Hope Vale (S)",350103830,0.681082551978607,0.779577623745059,0.756492097347676,0.740366510069071
"836","Qld","Kowanyama (S)",350104420,0.675030421531652,0.6948769502152,0.722019162321816,0.74295724436552
"837","Qld","Lockhart River (S)",350104570,0.676434515795346,0.69522704944445,0.722939086149753,0.741113388424804
"838","Qld","Mapoon (S)",350104830,1.14438524195396,1.22511390288848,1.30546874593013,1.32122781129189
"839","Qld","Napranum (S)",350105670,1.15101837692382,1.21948897527187,1.30031233078933,1.32323504687292
"840","Qld","Northern Peninsula Area (R) - Bamaga",350105781,0.670866555784146,0.697280964922716,0.762979981186812,0.780814641021742
"841","Qld","Northern Peninsula Area (R) - Injinoo",350105783,0.671471768828842,0.695320409238917,0.762883147099661,0.782518457270758
"842","Qld","Northern Peninsula Area (R) - New Mapoon",350105784,0.670624470566268,0.695343749187533,0.763924113536537,0.781491499531625
"843","Qld","Northern Peninsula Area (R) - Seisia",350105786,0.666412187775187,0.6961373074405,0.759276077353275,0.775679852326077
"844","Qld","Northern Peninsula Area (R) - Umagico",350105788,0.675926136837801,0.6958572280571,0.766708093542137,0.783732134598825
"845","Qld","Pormpuraaw (S)",350106070,0.673481076137231,0.695483788879233,0.724052678151993,0.742723844879353
"846","Qld","Tablelands (R) - Atherton",350106812,0.749810545334237,0.768677867741079,0.822436110697705,0.804831448148285
"847","Qld","Tablelands (R) - Eacham",350106814,0.718847845967611,0.756844513792432,0.792659628898683,0.798319602484237
"848","Qld","Tablelands (R) - Herberton",350106816,0.646464365822021,0.683253655804104,0.736883194699539,0.738265914693571
"849","Qld","Tablelands (R) - Mareeba",350106818,0.730298476773251,0.76671731205728,0.810307641282006,0.795682188290555
"850","Qld","Torres (S)",350106950,0.739667174705139,0.770288324195629,0.838462152121244,0.868852927203783
"851","Qld","Torres Strait Island (R) - Badu",350106963,0.738359914528596,0.770825143013812,0.839018948122364,0.868059368950817
"852","Qld","Torres Strait Island (R) - Boigu",350106965,0.73753682478781,0.771221922140295,0.839478910036332,0.874197775436999
"853","Qld","Torres Strait Island (R) - Dauan",350106968,0.747365484633666,0.769798185274679,0.837905356120124,0.877091929065465
"854","Qld","Torres Strait Island (R) - Erub",350106972,0.737609450353174,0.768771227535546,0.836791764117884,0.868152728745284
"855","Qld","Torres Strait Island (R) - Hammond",350106974,0.741264937143135,0.772225539930811,0.830545965496626,0.8687362274607
"856","Qld","Torres Strait Island (R) - Iama",350106976,0.73865041679005,0.768911267227246,0.836961223770399,0.871747080832249
"857","Qld","Torres Strait Island (R) - Kubin",350106978,0.73942508948726,0.769588125737129,0.8482908119671,0.862457781282819
"858","Qld","Torres Strait Island (R) - Mabuiag",350106982,0.73753682478781,0.771221922140295,0.839478910036332,0.873147477749249
"859","Qld","Torres Strait Island (R) - Mer",350106984,0.740369221836986,0.773485897156111,0.837493811249731,0.869529785713667
"860","Qld","Torres Strait Island (R) - Poruma",350106986,0.746493977849305,0.772715678851761,0.841100880996116,0.872914078263082
"861","Qld","Torres Strait Island (R) - Saibai",350106992,0.737851535571052,0.770264984247012,0.838413735077668,0.867452530286784
"862","Qld","Torres Strait Island (R) - St Pauls",350106993,0.739183004269382,0.764149917709447,0.84061671056036,0.874384495025932
"863","Qld","Torres Strait Island (R) - Warraber",350106996,0.733058248257063,0.766530592468346,0.834370911939102,0.875761551994315
"864","Qld","Torres Strait Island (R) - Yorke",350106998,0.741894358709618,0.771642041215395,0.839938871950301,0.873147477749249
"865","Qld","Weipa (T)",350107300,1.15043737240092,1.22007247398728,1.29866615130776,1.3206909924737
"866","Qld","Wujal Wujal (S)",350107570,0.67938795545346,0.775889911863627,0.758767698395731,0.741370127859587
"867","Qld","Yarrabah (S)",350107600,0.674449417008744,0.6951570295986,0.723495882150873,0.74274718482797
"868","Qld","Burke (S)",355051950,0.750246298726417,0.767137431132379,0.851631587973819,0.779811023231226
"869","Qld","Carpentaria (S)",355052250,0.824542252093246,0.85937690806542,0.89932237589583,0.935931939528064
"870","Qld","Cloncurry (S)",355052450,1.04183794366074,1.08126979956401,1.26888966950873,1.16622721252865
"871","Qld","Doomadgee (S)",355052770,0.747317067590091,0.770825143013812,0.858555225205137,0.780137782511859
"872","Qld","Flinders (S)",355053200,0.792998548203712,0.859703667346053,0.893609164753904,0.873450897081266
"873","Qld","McKinlay (S)",355054800,0.958463794623481,0.867102431057534,0.909005784610959,0.882740196630696
"874","Qld","Mornington (S)",355055250,0.676313473186406,0.694923630112434,0.72385900997769,0.745314579175802
"875","Qld","Mount Isa (C)",355055300,1.09543561089898,1.19241463487654,1.31779088352014,1.30559004571872
"876","Qld","Richmond (S)",355056300,0.721898119712877,0.76489679606518,0.82693889575024,0.8117167329902